"DESCRIPTION","DURATION IN MS","NAME","PARENT SUITE","START TIME","STATUS","STOP TIME","SUB SUITE","SUITE","TEST CLASS","TEST METHOD"
"","48","POST /buildQueue — поставить сборку в очередь, state=queued","tests.api.builds","2026-06-05","passed","2026-06-05","TestBuildsSmoke","test_builds_smoke","",""
"","28","DELETE /buildTypes/{locator} — удалить build type, повторный GET возвращает 404","tests.api.builds","2026-06-05","passed","2026-06-05","TestBuildIntegration","test_builds_integration","",""
"","1120","UI — админ жмёт кнопку создать проект через main button","tests.ui.ui_base","2026-06-05","passed","2026-06-05","TestLoginAdmin","test_ui_admin_base_steps","",""
"","1636","UI — создать проект через welcome button","tests.ui.ui_base","2026-06-05","passed","2026-06-05","TestUICreateProject","test_ui_admin_create_project","",""
"","189","POST /users — создание пользователя","tests.api.users","2026-06-05","passed","2026-06-05","TestUsersIntegration","test_users_integration","",""
"","5","GET /users/current — HTTP 401, отсутсвтует или не верный токен","tests.api.server","2026-06-05","passed","2026-06-05","TestServerSmoke","test_server_smoke","",""
"","40","UI — пользователь созданный через API отображается в списке","tests.ui.ui_base","2026-06-05","passed","2026-06-05","TestUiAdminCreateUser","test_ui_admin_create_user","",""
"","1501","UI — создать проект через main button","tests.ui.ui_base","2026-06-05","passed","2026-06-05","TestUICreateProject","test_ui_admin_create_project","",""
"","2280","UI — админ жмёт кнопку создать проект через dropdown button","tests.ui.ui_base","2026-06-05","passed","2026-06-05","TestLoginAdmin","test_ui_admin_base_steps","",""
"","41","Запуск custom build (параметры, ветка, агент)","tests.api.builds","2026-06-05","passed","2026-06-05","TestBuildIntegration","test_builds_integration","",""
"","31","POST /buildTypes/{locator}/move — перемещение build configuration в другой проект","tests.api.builds","2026-06-05","passed","2026-06-05","TestBuildIntegration","test_builds_integration","",""
"","29","DELETE /users/{locator} — удалить пользователя, повторный GET возвращает 404","tests.api.users","2026-06-05","passed","2026-06-05","TestUsersIntegration","test_users_integration","",""
"","1471","UI — админ жмёт кнопку Queue","tests.ui.ui_base","2026-06-05","passed","2026-06-05","TestLoginAdmin","test_ui_admin_base_steps","",""
"","1262","Отмена запущенного билда (running)","tests.api.builds","2026-06-05","passed","2026-06-05","TestBuildIntegration","test_builds_integration","",""
"","55","GET /projects — HTTP 200, count >= 1","tests.api.projects","2026-06-05","passed","2026-06-05","TestProjectsSmoke","test_projects_smoke","",""
"","44","GET /agents/id:{id} — получить агента по id","tests.api.agents","2026-06-05","passed","2026-06-05","TestAgentsSmoke","test_agents_smoke","",""
"","1794","UI — создать проект через welcome button","tests.ui.ui_base","2026-06-05","passed","2026-06-05","TestUICreateProject","test_ui_admin_create_project","",""
"","1781","UI — логин с неверным паролем","tests.ui.ui_base","2026-06-05","passed","2026-06-05","TestLoginAdmin","test_ui_admin_login","",""
"","17","GET /buildTypes?locator=affectedProject — рекурсивный поиск build configs","tests.api.builds","2026-06-05","passed","2026-06-05","TestBuildIntegration","test_builds_integration","",""
"","1987","UI — 5 раз неверный логин, получаем ошибку лимита авторизации","tests.ui.ui_base","2026-06-05","passed","2026-06-05","TestLoginAdmin","test_ui_admin_login","",""
"","6","GET /projects — HTTP 401 при невалидном токене","tests.api.projects","2026-06-05","passed","2026-06-05","TestProjectsSmoke","test_projects_smoke","",""
"","10","GET /users/{locator}/groups — получить группы пользователя","tests.api.users","2026-06-05","passed","2026-06-05","TestUsersIntegration","test_users_integration","",""
"","94","POST /projects — создать проект, count вырос","tests.api.projects","2026-06-05","passed","2026-06-05","TestProjectsSmoke","test_projects_smoke","",""
"","90","DELETE /vcs-roots/{locator} — удалить VCS Root, повторный GET возвращает 404","tests.api.VCS Root","2026-06-05","passed","2026-06-05","TestVcsRootSmoke","test_vcs_root_smoke","",""
"","11","GET /users/{locator} — несуществующий id возвращает 404","tests.api.users","2026-06-05","passed","2026-06-05","TestUsersIntegration","test_users_integration","",""
"","7475","UI — админ жмёт кнопку Administration","tests.ui.ui_base","2026-06-05","failed","2026-06-05","TestLoginAdmin","test_ui_admin_base_steps","",""
"","1474","UI — админ жмёт кнопку создать проект через wellcome button","tests.ui.ui_base","2026-06-05","passed","2026-06-05","TestLoginAdmin","test_ui_admin_base_steps","",""
"","155","Отмена билда в очереди (queued)","tests.api.builds","2026-06-05","passed","2026-06-05","TestBuildIntegration","test_builds_integration","",""
"","40","POST /buildTypes — создать build configuration","tests.api.builds","2026-06-05","passed","2026-06-05","TestBuildIntegration","test_builds_integration","",""
"","1678","UI — логин с пустым логином и паролем","tests.ui.ui_base","2026-06-05","passed","2026-06-05","TestLoginAdmin","test_ui_admin_login","",""
"","10","GET /agents?locator=enabled:false — список выключённых агентов","tests.api.agents","2026-06-05","passed","2026-06-05","TestAgentsSmoke","test_agents_smoke","",""
"","851","UI — отмена создания пользователя","tests.ui.ui_base","2026-06-05","passed","2026-06-05","TestUiAdminCreateUser","test_ui_admin_create_user","",""
"","81","POST /projects/{projectLocator}/buildTypes — копирование build configuration","tests.api.builds","2026-06-05","passed","2026-06-05","TestBuildIntegration","test_builds_integration","",""
"","39","POST /buildTypes — создать build configs, id и name совпадают","tests.api.builds","2026-06-05","passed","2026-06-05","TestBuildsSmoke","test_builds_smoke","",""
"","1292","UI — админ жмёт кнопку Agents","tests.ui.ui_base","2026-06-05","passed","2026-06-05","TestLoginAdmin","test_ui_admin_base_steps","",""
"","236","PUT /buildTypes/{buildTypeLocator}/paused — приостановка build configuration","tests.api.builds","2026-06-05","passed","2026-06-05","TestBuildIntegration","test_builds_integration","",""
"","30","DELETE /projects/{locator} — удалить проект, повторный GET возвращает 404","tests.api.projects","2026-06-05","passed","2026-06-05","TestProjectIntegration","test_projects_integration","",""
"","1580","UI — админ жмёт кнопку Changes","tests.ui.ui_base","2026-06-05","passed","2026-06-05","TestLoginAdmin","test_ui_admin_base_steps","",""
"","9","GET /agents?locator=enabled:true — список включённых агентов","tests.api.agents","2026-06-05","passed","2026-06-05","TestAgentsSmoke","test_agents_smoke","",""
"","4565","UI — открыть страницу создания пользователя","tests.ui.ui_base","2026-06-05","passed","2026-06-05","TestUiAdminCreateUser","test_ui_admin_create_user","",""
"","787","UI — админ жмёт кнопку создать проект через wellcome button","tests.ui.ui_base","2026-06-05","passed","2026-06-05","TestLoginAdmin","test_ui_admin_base_steps","",""
"","1867","UI — админ жмёт кнопку создать проект через dropdown button","tests.ui.ui_base","2026-06-05","passed","2026-06-05","TestLoginAdmin","test_ui_admin_base_steps","",""
"","4435","UI — открыть страницу создания пользователя","tests.ui.ui_base","2026-06-05","passed","2026-06-05","TestUiAdminCreateUser","test_ui_admin_create_user","",""
"","82","UI — пользователь созданный через API отображается в списке","tests.ui.ui_base","2026-06-05","passed","2026-06-05","TestUiAdminCreateUser","test_ui_admin_create_user","",""
"","729","UI — админ жмёт кнопку Changes","tests.ui.ui_base","2026-06-05","passed","2026-06-05","TestLoginAdmin","test_ui_admin_base_steps","",""
"","4970","E2E — пользователь созданный через API может залогиниться через UI","tests.ui.ui_base","2026-06-05","passed","2026-06-05","TestUiAdminCreateUser","test_ui_admin_create_user","",""
"","53","POST /projects — создание подпроекта с parentProject","tests.api.projects","2026-06-05","passed","2026-06-05","TestProjectIntegration","test_projects_integration","",""
"","10","GET /users/current — возвращает текущего аутентифицированного пользователя","tests.api.users","2026-06-05","passed","2026-06-05","TestUsersIntegration","test_users_integration","",""
"","33","PUT /buildTypes/{buildTypeLocator}/parameters/{name} — изменение параметра build configuration","tests.api.builds","2026-06-05","passed","2026-06-05","TestBuildIntegration","test_builds_integration","",""
"","1353","UI — админ жмёт кнопку создать проект через main button","tests.ui.ui_base","2026-06-05","passed","2026-06-05","TestLoginAdmin","test_ui_admin_base_steps","",""
"","4369","UI — логин админа с корректными данными","tests.ui.ui_base","2026-06-05","passed","2026-06-05","TestLoginAdmin","test_ui_admin_login","",""
"","1657","UI — админ жмёт кнопку Queue","tests.ui.ui_base","2026-06-05","passed","2026-06-05","TestLoginAdmin","test_ui_admin_base_steps","",""
"","2023","UI — админ жмёт кнопку Administration","tests.ui.ui_base","2026-06-05","passed","2026-06-05","TestLoginAdmin","test_ui_admin_base_steps","",""
"","90","POST /vcs-roots — создание VCS Root","tests.api.VCS Root","2026-06-05","passed","2026-06-05","TestVcsRootSmoke","test_vcs_root_smoke","",""
"","10","GET /agents?locator=authorized:true — HTTP 200, >= 1 авторизованный агент","tests.api.agents","2026-06-05","passed","2026-06-05","TestAgentsSmoke","test_agents_smoke","",""
"","1058","UI — создать проект через main button","tests.ui.ui_base","2026-06-05","passed","2026-06-05","TestUICreateProject","test_ui_admin_create_project","",""
"","4708","UI — логаут админа","tests.ui.ui_base","2026-06-05","passed","2026-06-05","TestLoginAdmin","test_ui_admin_login","",""
"","43","PUT /projects/{projectLocator}/archived — архивация проекта","tests.api.projects","2026-06-05","passed","2026-06-05","TestProjectIntegration","test_projects_integration","",""
"","897","UI — админ жмёт кнопку Agents","tests.ui.ui_base","2026-06-05","passed","2026-06-05","TestLoginAdmin","test_ui_admin_base_steps","",""
"","1021","UI — отмена создания пользователя","tests.ui.ui_base","2026-06-05","passed","2026-06-05","TestUiAdminCreateUser","test_ui_admin_create_user","",""
"","50","POST /projects — создать проект с заданными атрибутами","tests.api.projects","2026-06-05","passed","2026-06-05","TestProjectIntegration","test_projects_integration","",""
"","1914","UI — создать проект через dropdown button","tests.ui.ui_base","2026-06-05","passed","2026-06-05","TestUICreateProject","test_ui_admin_create_project","",""
"","1912","UI — создать проект через dropdown button","tests.ui.ui_base","2026-06-05","passed","2026-06-05","TestUICreateProject","test_ui_admin_create_project","",""
"","10","GET /server — HTTP 200, поле version присутствует","tests.api.server","2026-06-05","passed","2026-06-05","TestServerSmoke","test_server_smoke","",""
